{"eval_loss": 2.088829517364502, "eval_accuracy": 0.2490566037735849, "eval_precision": 0.2490566037735849, "eval_recall": 1.0, "eval_specificity": 0.0, "eval_f1": 0.3987915407854985, "eval_runtime": 3.8431, "eval_samples_per_second": 68.955, "eval_steps_per_second": 8.847}