{"eval_loss": 0.24542857706546783, "eval_accuracy": 0.8943396226415095, "eval_precision": 0.7794117647058824, "eval_recall": 0.803030303030303, "eval_specificity": 0.9246231155778895, "eval_f1": 0.7910447761194029, "eval_runtime": 2.3657, "eval_samples_per_second": 112.016, "eval_steps_per_second": 14.372, "epoch": 3.0}